"DGP","c_shift","Zero_Proportion","True_ATE","Linear_RMSE","Linear_Bias","Linear_Coverage","Linear_Correlation","Log_RMSE","Log_Bias","Log_Coverage","Log_Correlation","PathA_RMSE","PathA_Bias","PathA_Coverage","PathA_Correlation","PathB_RMSE","PathB_Bias","PathB_Coverage","PathB_Correlation","PathC_RMSE","PathC_Bias","PathC_Coverage","PathC_Correlation","PathD_RMSE","PathD_Bias","PathD_Coverage","PathD_Correlation"
"DGP B: Gaussian Hurdle",-0.5,0.607,1.48901762176359,0.394682764216649,0.155355274248839,0.999,0.888348765042961,0.625141148510178,0.265802528803659,0.963,0.769681187095189,0.359715285684443,0.166349018494355,0.999,0.924185400282474,0.911944507176204,0.710415441060311,0.053,0.948053944305088,1.23529272364117,0.957842299876952,0.407,0.488796254094713,0.678162091394301,0.0034275033567131,0.956,0.645388794768256
