"DGP","c_shift","Zero_Proportion","True_ATE","Linear_RMSE","Linear_Bias","Linear_Coverage","Linear_Correlation","Log_RMSE","Log_Bias","Log_Coverage","Log_Correlation","PathA_RMSE","PathA_Bias","PathA_Coverage","PathA_Correlation","PathB_RMSE","PathB_Bias","PathB_Coverage","PathB_Correlation","PathC_RMSE","PathC_Bias","PathC_Coverage","PathC_Correlation","PathD_RMSE","PathD_Bias","PathD_Coverage","PathD_Correlation","Gemini_RMSE","Gemini_Bias","Gemini_Coverage","Gemini_Correlation"
"DGP B: Gaussian Hurdle",0.2,0.395,1.69778286084579,0.577678346953965,0.137822532886355,0.908,0.357507871610377,1.15955088893272,0.490927026300702,0.881,0.0773666586482653,0.512081255890528,0.179584713238116,0.942,0.605487911203344,0.827790419389543,0.676065255079697,0.049,0.702851054426139,0.481593029771523,0.0966557776669063,0.966,0.622904489007024,0.774180186179231,0.237176198081699,0.967,0.429192059753897,0.505021705134939,0.171396839112769,0.946,0.613162701812635
