"DGP","c_shift","Zero_Proportion","True_ATE","Linear_RMSE","Linear_Bias","Linear_Coverage","Linear_Correlation","Log_RMSE","Log_Bias","Log_Coverage","Log_Correlation","PathA_RMSE","PathA_Bias","PathA_Coverage","PathA_Correlation","PathB_RMSE","PathB_Bias","PathB_Coverage","PathB_Correlation","PathC_RMSE","PathC_Bias","PathC_Coverage","PathC_Correlation","PathD_RMSE","PathD_Bias","PathD_Coverage","PathD_Correlation","Gemini_RMSE","Gemini_Bias","Gemini_Coverage","Gemini_Correlation"
"DGP B: Gaussian Hurdle",1,0.181,1.66239769195271,0.423364316620514,0.0298648255151529,0.909,0.515306592665504,0.734930935734076,0.372635364795977,0.961,0.161013401083596,0.385200057551519,0.104617431121524,0.964,0.637661794019191,0.550225334955668,0.259127902963088,0.252,0.273532094944411,0.442293626060616,0.257804807051663,0.893,0.66276779903351,1.26275286842231,0.767808643226749,0.947,0.578150611515655,0.376631820708296,0.111803909483458,0.965,0.669371885371142
