"DGP","c_shift","Zero_Proportion","True_ATE","Linear_RMSE","Linear_Bias","Linear_Coverage","Linear_Correlation","Log_RMSE","Log_Bias","Log_Coverage","Log_Correlation","PathA_RMSE","PathA_Bias","PathA_Coverage","PathA_Correlation","PathB_RMSE","PathB_Bias","PathB_Coverage","PathB_Correlation","PathC_RMSE","PathC_Bias","PathC_Coverage","PathC_Correlation","PathD_RMSE","PathD_Bias","PathD_Coverage","PathD_Correlation"
"DGP B: Gaussian Hurdle",1.8,0.049,1.55909092714756,0.461314602505868,0.187273720365177,0.86,0.471620141615388,0.676850075562089,0.449645430044316,0.902,0.25776671404052,0.457886815712974,0.244496975194604,0.922,0.57785957505416,0.531042227956089,0.152171435311045,0.145,0.110859902404461,1.24423342407384,0.866288934434923,0.364,0.148850993596888,0.754973196755014,0.304097791709945,0.901,0.617567953704193
