"DGP","c_shift","Zero_Proportion","True_ATE","Linear_RMSE","Linear_Bias","Linear_Coverage","Linear_Correlation","Log_RMSE","Log_Bias","Log_Coverage","Log_Correlation","PathA_RMSE","PathA_Bias","PathA_Coverage","PathA_Correlation","PathB_RMSE","PathB_Bias","PathB_Coverage","PathB_Correlation","PathC_RMSE","PathC_Bias","PathC_Coverage","PathC_Correlation","PathD_RMSE","PathD_Bias","PathD_Coverage","PathD_Correlation","Gemini_RMSE","Gemini_Bias","Gemini_Coverage","Gemini_Correlation"
"DGP B: Gaussian Hurdle",-1.5,0.851,0.825768396329415,0.689338609055979,0.112155038511259,0.942,0.880431610070212,0.523368395764093,0.305598785426878,0.829,0.847802188380241,0.285777092072267,0.0540850439976788,1,0.937356883091289,0.712339558950157,0.176229139647349,0.097,0.915085704238824,0.336403515861578,0.0618490170207492,1,0.925589823719029,0.396809123777109,0.0229831482572021,0.995,0.872436606148933,0.324024565187448,0.0540067998590115,1,0.93472578114085
